"","Nodes","Edges","Density","Clustering Coefficient","Mean Distance","Number of Communities","Modularity","Size of 1st Community","Size of 2nd Community","Size of 3rd Community"
"1",1591,29891,0.023632144650135,0.250102316709236,2.42843360336399,21,0.315635783528165,0.147705845380264,0.133878064110622,0.106222501571339
